{
  "temperature": {
    "target": "temperature",
    "train_samples": 3282,
    "test_samples": 291,
    "holdout_days": 15,
    "train_mae": 0.16621862712366867,
    "test_mae": 0.7302716276080338,
    "train_rmse": 0.21871887738175042,
    "test_rmse": 1.0802691238343467,
    "test_r2": 0.9652621908685958,
    "top_features": {
      "fc_temperature_2m": 