{
  "temperature": {
    "target": "temperature",
    "train_samples": 2858,
    "test_samples": 715,
    "train_mae": 0.1821099450113741,
    "test_mae": 0.618018819089536,
    "train_rmse": 0.2432199207671492,
    "test_rmse": 1.1871222864978264,
    "test_r2": 0.9713466831436713,
    "feature_importance": {
      "fc_temperature_2m": 0.5294150710105896,
      "fc_dew_point_2m": 0.22549809515476227,
      "month_sin": 0.08877070248126984,
      "fc_relative_humidity_2m": 0.05467376112937927,
      "month_cos": 0.025405824184417725,
      "hour_cos": 0.02355322614312172,
      "fc_shortwave_radiation": 0.016656290739774704,
      "fc_surface_pressure": 0.013329124078154564,
      "hour_sin": 0.004676068667322397,
      "fc_precipitation": 0.0039741708897054195,
      "fc_pressure_msl": 0.0029456354677677155,
      "fc_wind_gusts_10m": 0.002847305964678526,
      "fc_wind_speed_10m": 0.002560460241511464,
      "fc_rain": 0.0024290999863296747,
      "fc_wind_direction_10m": 0.0018423543078824878,
      "fc_cloud_cover": 0.0014227525098249316
    }
  },
  "humidity": {
    "target": "humidity",
    "train_samples": 2858,
    "test_samples": 715,
    "train_mae": 1.1551349082970803,
    "test_mae": 3.737109977882225,
    "train_rmse": 1.559092592681794,
    "test_rmse": 5.594040910891835,
    "test_r2": 0.8651392179655286,
    "feature_importance": {
      "fc_relative_humidity_2m": 0.43724286556243896,
      "fc_precipitation": 0.14513817429542542,
      "fc_shortwave_radiation": 0.060608360916376114,
      "fc_dew_point_2m": 0.0580698661506176,
      "fc_temperature_2m": 0.04141314700245857,
      "month_sin": 0.03537081927061081,
      "fc_surface_pressure": 0.030930358916521072,
      "fc_cloud_cover": 0.030917765572667122,
      "fc_rain": 0.030427787452936172,
      "month_cos": 0.028526075184345245,
      "fc_wind_gusts_10m": 0.028373926877975464,
      "hour_cos": 0.01817961223423481,
      "fc_pressure_msl": 0.0180805753916502,
      "fc_wind_direction_10m": 0.014266766607761383,
      "fc_wind_speed_10m": 0.011738089844584465,
      "hour_sin": 0.010715840384364128
    }
  },
  "rain": {
    "target": "rain",
    "train_samples": 4628,
    "test_samples": 1158,
    "train_mae": 0.04514000552185886,
    "test_mae": 0.17902625557292604,
    "train_rmse": 0.10705404220146955,
    "test_rmse": 0.7987590581549956,
    "test_r2": 0.19572039339632108,
    "feature_importance": {
      "fc_precipitation": 0.15984514355659485,
      "hour_sin": 0.10939262062311172,
      "fc_rain": 0.08433839678764343,
      "month_sin": 0.07403852790594101,
      "fc_wind_direction_10m": 0.06812278926372528,
      "fc_temperature_2m": 0.06774862110614777,
      "fc_dew_point_2m": 0.062131669372320175,
      "fc_relative_humidity_2m": 0.056353334337472916,
      "fc_wind_speed_10m": 0.053529657423496246,
      "fc_surface_pressure": 0.05003565922379494,
      "fc_wind_gusts_10m": 0.04182448610663414,
      "fc_pressure_msl": 0.0405728705227375,
      "month_cos": 0.036705922335386276,
      "hour_cos": 0.03454620763659477,
      "fc_shortwave_radiation": 0.032307591289281845,
      "fc_cloud_cover": 0.028506435453891754
    }
  },
  "wind_speed": {
    "target": "wind_speed",
    "train_samples": 3946,
    "test_samples": 987,
    "train_mae": 0.2875984855944048,
    "test_mae": 0.6344925071572339,
    "train_rmse": 0.38166212043397496,
    "test_rmse": 1.0462881950583667,
    "test_r2": 0.6022072090577772,
    "feature_importance": {
      "fc_precipitation": 0.21802404522895813,
      "fc_rain": 0.178414449095726,
      "month_cos": 0.08974041044712067,
      "month_sin": 0.07500039041042328,
      "fc_surface_pressure": 0.06458409875631332,
      "fc_temperature_2m": 0.04562531039118767,
      "fc_dew_point_2m": 0.045495644211769104,
      "fc_shortwave_radiation": 0.04133344814181328,
      "hour_cos": 0.04039696604013443,
      "fc_relative_humidity_2m": 0.03533504530787468,
      "fc_pressure_msl": 0.03521081432700157,
      "fc_wind_gusts_10m": 0.028501173481345177,
      "hour_sin": 0.02711588144302368,
      "fc_wind_direction_10m": 0.02706170082092285,
      "fc_wind_speed_10m": 0.026768125593662262,
      "fc_cloud_cover": 0.02139250747859478
    }
  },
  "gust_speed": {
    "target": "gust_speed",
    "train_samples": 3946,
    "test_samples": 987,
    "train_mae": 0.6823005920367621,
    "test_mae": 1.49983163348568,
    "train_rmse": 0.932691416245606,
    "test_rmse": 2.4204817682715825,
    "test_r2": 0.4647922390318264,
    "feature_importance": {
      "fc_precipitation": 0.2084571272134781,
      "month_sin": 0.08567044883966446,
      "fc_rain": 0.08507183194160461,
      "month_cos": 0.0707210823893547,
      "fc_surface_pressure": 0.0705830380320549,
      "fc_dew_point_2m": 0.06555087864398956,
      "fc_wind_speed_10m": 0.056380677968263626,
      "hour_cos": 0.04873548075556755,
      "fc_pressure_msl": 0.04811704158782959,
      "fc_wind_gusts_10m": 0.04561968892812729,
      "fc_relative_humidity_2m": 0.04548558592796326,
      "fc_temperature_2m": 0.04486167058348656,
      "fc_shortwave_radiation": 0.03657498210668564,
      "fc_wind_direction_10m": 0.03289646655321121,
      "fc_cloud_cover": 0.031864333897829056,
      "hour_sin": 0.023409640416502953
    }
  }
}